Dependency=building_type	Option=owner_occupied	Option=leased	Option=federal	Option=state	Option=local
full_service_restaurant	0.624031008	0.375968992	0	0	0
hospital	1	0	0	0	0
large_hotel	0.665	0.335	0	0	0
large_office	0.5	0.320618557	0.011340206	0.035051546	0.132989691
medium_office	0.5	0.320618557	0.011340206	0.035051546	0.132989691
outpatient	0.552845528	0.447154472	0	0	0
primary_school	0.332552693	0.056206089	0	0.215456674	0.395784543
quick_service_restaurant	0.624031008	0.375968992	0	0	0
retail	0.575931232	0.424068768	0	0	0
secondary_school	0.332552693	0.056206089	0	0.215456674	0.395784543
small_hotel	0.665	0.335	0	0	0
small_office	0.5	0.320618557	0.011340206	0.035051546	0.132989691
strip_mall	0.204819277	0.795180723	0	0	0
warehouse	0.655279503	0.341614907	0.00310559	0	0